RUN,TP,CODE,DYNAMIC PRESSURE,TEMP TS,BALANCE TEMP,PRESS TS,N1,N2,S1,S2,A1,R1,Lift (lbf),Drag (lbf),Pitch (in-lbf),Yaw (in-lbf),Side (lbf),Roll (in-lbf),Length,Flap Angle,FCY/N,DC/SC
1,1,1,0.0,0.0,0.0,0.0,0.127773,0.157383,-0.075672,0.116823,7.139243,0.007121,-47.71373,173.486777,7.762406,40.919928,-5.849658,0,4.0,0,N,DC
1,2,0,40.079082,76.444905,4181.148919,14.53489,-0.000471,0.000344,-0.000308,0.000415,0.007054,-5.3e-05,0.018784,0.171332,0.194964,0.146063,-0.021708,0,4.0,0,N,DC
1,3,0,45.182238,78.947605,4181.092286,14.496379,-0.000634,0.000376,-0.000333,0.000405,0.006765,-8e-05,0.040364,0.164372,0.240566,0.147774,-0.016864,0,4.0,0,N,DC
1,4,0,50.214109,79.597221,4181.091224,14.480924,-0.000739,0.000463,-0.000315,0.000407,0.007242,-0.000108,0.043342,0.175911,0.285306,0.142803,-0.020238,0,4.0,0,N,DC
1,1,1,0.0,0.0,0.0,0.0,0.126618,0.158059,-0.074298,0.115767,7.136577,0.006611,-47.62936,173.421652,8.171427,40.393237,-5.893825,0,4.0,0,N,SC
1,2,0,40.043581,74.230667,4175.283476,14.550868,-0.000371,9.1e-05,-6.3e-05,0.00051,0.016499,-1.1e-05,0.04322,0.401511,0.1063,0.118922,-0.079033,0,4.0,0,N,SC
1,3,0,45.579962,74.86936,4175.205572,14.509389,-0.000654,7.2e-05,-0.000152,0.000512,0.016775,-4.9e-05,0.092872,0.408523,0.167592,0.135939,-0.06703,0,4.0,0,N,SC
1,4,0,50.249589,75.799054,4175.10589,14.472537,-0.000762,-3e-06,-0.000122,0.00047,0.016613,-6.2e-05,0.123205,0.40481,0.174044,0.12087,-0.065824,0,4.0,0,N,SC
1,1,1,0.0,0.0,0.0,0.0,0.12771,0.157469,-0.075523,0.116806,7.137184,0.006873,-47.717542,173.436402,7.796599,40.88347,-5.870561,0,4.0,0,Y,DC
1,2,0,39.904538,77.940597,4180.016154,14.535294,-0.000626,0.000128,-0.000158,0.000278,0.0149,0.001216,0.080204,0.362994,0.173758,0.08766,-0.025366,0,4.0,0,Y,DC
1,3,0,44.956146,78.560862,4180.023231,14.498903,-0.000813,0.000182,-9.2e-05,0.00034,0.016316,0.001342,0.101821,0.397421,0.228997,0.085132,-0.047384,0,4.0,0,Y,DC
1,4,0,50.153954,79.684294,4180.032117,14.457702,-0.00097,0.000165,-0.000292,0.000384,0.017724,0.001542,0.13023,0.431951,0.262987,0.135559,-0.023513,0,4.0,0,Y,DC
1,1,1,0.0,0.0,0.0,0.0,0.127368,0.158666,-0.074024,0.115812,7.139614,0.005678,-47.853004,173.493821,8.141667,40.345315,-5.93668,0,4.0,0,Y,SC
1,2,0,39.755071,70.690066,4174.945897,14.648494,-0.000434,-0.000381,-0.000364,0.00036,0.022794,0.001476,0.131838,0.556102,0.007095,0.155538,-0.008477,0,4.0,0,Y,SC
1,3,0,45.159995,72.604505,4174.901605,14.608384,-0.000572,-0.000493,-0.000156,0.000341,0.023997,0.001642,0.173039,0.585565,0.009304,0.108101,-0.0406,0,4.0,0,Y,SC
1,4,0,50.434532,74.028583,4174.842487,14.566621,-0.00075,-0.00059,-0.000416,0.000482,0.024983,0.001921,0.217516,0.609917,0.030066,0.192013,-0.024533,0,4.0,0,Y,SC
1,1,1,0.0,0.0,0.0,0.0,0.127569,0.157227,-0.075593,0.116796,7.13715,0.007218,-47.654438,173.436155,7.771458,40.897307,-5.860173,0,4.0,5,N,DC
1,2,0,40.195083,76.101521,4180.409345,14.538115,-0.000268,0.000315,-0.000202,0.000268,0.008342,-0.000118,-0.009354,0.202715,0.13877,0.094799,-0.012648,0,4.0,5,N,DC
1,3,0,45.143509,78.482882,4180.464633,14.496379,-0.000263,0.000287,-0.000262,0.000363,0.009016,-9.4e-05,-0.00589,0.219118,0.131819,0.127762,-0.019456,0,4.0,5,N,DC
1,4,0,50.262418,80.33178,4180.498479,14.459156,-0.000436,0.000304,-0.000371,0.000462,0.009234,-8.1e-05,0.019255,0.224465,0.177503,0.170272,-0.019707,0,4.0,5,N,DC
1,1,1,0.0,0.0,0.0,0.0,0.126488,0.157553,-0.074228,0.116031,7.14458,0.006433,-47.526102,173.617221,8.078176,40.438646,-5.955074,0,4.0,5,N,DC
1,2,0,40.094651,75.585333,4174.768551,14.554269,-0.000301,0.000193,-0.000423,0.000434,0.006612,-5.8e-05,0.015458,0.160757,0.120737,0.176909,-0.006494,0,4.0,5,N,DC
1,3,0,45.238974,76.324387,4174.739711,14.516018,-0.000437,0.000262,-0.000386,0.000461,0.006979,-7.8e-05,0.026375,0.169638,0.168349,0.173233,-0.017365,0,4.0,5,N,DC
1,4,0,50.285602,76.639361,4174.680402,14.473405,-0.000517,0.000262,-0.00044,0.000528,0.007455,-0.000129,0.039058,0.181244,0.18773,0.198005,-0.020678,0,4.0,5,N,DC
1,1,1,0.0,0.0,0.0,0.0,0.127733,0.157384,-0.075495,0.116809,7.136627,0.006987,-47.707284,173.42294,7.770678,40.878981,-5.875997,0,4.0,5,Y,DC
1,2,0,39.986687,77.033974,4179.528358,14.542703,-0.000624,8.6e-05,4.8e-05,9.7e-05,0.015541,0.001254,0.087698,0.378726,0.159707,0.006768,-0.02789,0,4.0,5,Y,DC
1,3,0,45.126468,77.788514,4179.584755,14.49965,-0.000637,0.000112,3.1e-05,0.000162,0.017359,0.001428,0.085182,0.422931,0.16906,0.02407,-0.036259,0,4.0,5,Y,DC
1,4,0,49.947893,79.151526,4179.621699,14.458226,-0.000724,4e-05,0.000148,0.000129,0.018748,0.001583,0.111419,0.456909,0.16995,-0.00747,-0.05078,0,4.0,5,Y,DC
1,1,1,0.0,0.0,0.0,0.0,0.127591,0.158207,-0.074248,0.116029,7.147286,0.006012,-47.815403,173.681275,7.981113,40.445265,-5.939665,0,4.0,5,Y,SC
1,2,0,40.811825,72.698939,4174.475743,14.639145,-0.000398,-7.4e-05,-0.000302,0.000343,0.013945,0.001383,0.075572,0.339941,0.074893,0.135265,-0.013093,0,4.0,5,Y,SC
1,3,0,45.250808,76.209207,4174.185958,14.605679,-0.000773,-0.000144,-0.000184,0.000385,0.01306,0.001521,0.148739,0.318632,0.143826,0.116728,-0.042169,0,4.0,5,Y,SC
1,4,0,50.126567,76.653944,4174.12637,14.568634,-0.000945,-0.000173,-0.000378,0.000464,0.014298,0.001649,0.181256,0.349008,0.178373,0.173367,-0.025587,0,4.0,5,Y,SC
1,1,1,0.0,0.0,0.0,0.0,0.127725,0.157076,-0.075579,0.116795,7.136727,0.007995,-47.655099,173.425997,7.699066,40.896455,-5.862418,0,4.0,10,N,DC
1,2,0,40.21237,77.506812,4180.054073,14.534196,-0.000263,0.000359,-1.1e-05,5.8e-05,0.01068,-9.9e-05,-0.016299,0.25968,0.144397,0.010556,-0.00723,0,4.0,10,N,DC
1,3,0,44.805534,78.451337,4180.09187,14.495602,-0.000408,0.000392,-5.4e-05,9.4e-05,0.011544,-0.000139,0.00194,0.280769,0.185982,0.025893,-0.007395,0,4.0,10,N,DC
1,4,0,50.213507,80.104439,4180.128501,14.457608,-0.000538,0.00045,-9e-06,8.3e-05,0.012288,-0.000178,0.013927,0.298865,0.229096,0.012648,-0.012973,0,4.0,10,N,DC
1,1,1,0.0,0.0,0.0,0.0,0.126852,0.157363,-0.074379,0.11621,7.143039,0.006913,-47.555745,173.579664,7.951747,40.512334,-5.960228,0,4.0,10,N,DC
1,2,0,40.158995,74.887654,4174.574221,14.548968,-0.000312,0.000359,-0.000475,0.000501,0.0099,-0.000121,-0.010481,0.240564,0.163207,0.200781,-0.008476,0,4.0,10,N,DC
1,3,0,44.906054,77.397007,4174.542193,14.510646,-0.000361,0.000261,-0.000469,0.000476,0.009627,-0.000194,0.013896,0.23414,0.150783,0.194867,-0.006013,0,4.0,10,N,DC
1,4,0,50.100442,78.044294,4174.511234,14.484272,-0.000517,0.000359,-0.000574,0.000634,0.010284,-0.000189,0.022536,0.249973,0.212067,0.248169,-0.016407,0,4.0,10,N,DC
1,1,1,0.0,0.0,0.0,0.0,0.127938,0.157181,-0.075533,0.116786,7.136004,0.006855,-47.707522,173.40803,7.674937,40.885393,-5.866143,0,4.0,10,Y,DC
1,2,0,40.130995,76.948061,4179.184618,14.533384,-0.000553,0.000257,-0.000111,0.000231,0.017885,0.001189,0.047121,0.435459,0.186261,0.067501,-0.023466,0,4.0,10,Y,DC
1,3,0,45.101742,78.522108,4179.255736,14.494346,-0.000756,0.000283,-3.2e-05,0.000144,0.019778,0.001399,0.076626,0.481703,0.23736,0.031166,-0.022523,0,4.0,10,Y,DC
1,4,0,50.116546,79.532955,4179.278249,14.465205,-0.000861,0.000276,4.8e-05,0.000129,0.021525,0.001535,0.095231,0.524324,0.258532,0.01059,-0.033649,0,4.0,10,Y,DC
1,1,1,0.0,0.0,0.0,0.0,0.127817,0.15795,-0.074357,0.116154,7.144537,0.005859,-47.810935,173.614537,7.869652,40.498141,-5.94367,0,4.0,10,Y,SC
1,2,0,40.106365,72.219594,4174.144162,14.646922,-0.000115,-9.1e-05,-0.000581,0.000694,0.016689,0.00133,0.029856,0.406451,0.009575,0.270348,-0.026257,0,4.0,10,Y,SC
1,3,0,45.048489,73.850179,4174.114951,14.609568,-0.000287,-0.000119,-0.000685,0.000711,0.018162,0.001644,0.062829,0.442538,0.043251,0.294818,-0.01373,0,4.0,10,Y,SC
1,4,0,50.002214,77.260519,4173.976208,14.570135,-0.000619,-0.000158,-0.000712,0.000704,0.017835,0.001777,0.123872,0.434906,0.110559,0.296894,-0.010374,0,4.0,10,Y,SC
1,1,1,0.0,0.0,0.0,0.0,0.127831,0.156964,-0.075552,0.11675,7.137154,0.008145,-47.653984,173.436558,7.646825,40.883401,-5.859282,0,4.0,15,N,DC
1,2,0,40.076121,75.308677,4179.66211,14.543781,-0.000687,0.00082,-0.000256,0.000321,0.014031,-0.000196,-0.023811,0.340699,0.356089,0.110219,-0.01199,0,4.0,15,N,DC
1,3,0,44.762555,77.895567,4179.728423,14.492035,-0.00069,0.000698,-0.00028,0.000354,0.015544,-0.000215,-0.003443,0.377759,0.327249,0.123616,-0.014689,0,4.0,15,N,DC
1,4,0,50.039126,80.75509,4179.775493,14.455522,-0.000919,0.000755,-0.000299,0.000377,0.016,-0.000293,0.02473,0.388898,0.394119,0.130233,-0.016768,0,4.0,15,N,DC
1,1,1,0.0,0.0,0.0,0.0,0.127354,0.157269,-0.074569,0.116394,7.142109,0.006103,-47.623872,173.556753,7.816931,40.595582,-5.958359,0,4.0,15,N,DC
1,2,0,40.480432,75.854305,4174.626637,14.546346,-0.000127,1e-06,-0.000371,0.000322,0.013281,-3.4e-05,0.018722,0.323539,0.031252,0.146605,0.004164,0,4.0,15,N,DC
1,3,0,45.015755,76.881142,4174.618965,14.519837,-0.000286,5.6e-05,-0.000541,0.000505,0.014032,-2.2e-05,0.034936,0.34176,0.08372,0.219153,-0.000284,0,4.0,15,N,DC
1,4,0,50.151708,77.873666,4174.593361,14.473506,-0.000291,6.8e-05,-0.000561,0.000541,0.015303,-4.2e-05,0.03356,0.372671,0.087883,0.230951,-0.003278,0,4.0,15,N,DC
1,1,1,0.0,0.0,0.0,0.0,0.128081,0.157083,-0.075428,0.116751,7.13614,0.006925,-47.714662,173.41139,7.617257,40.857882,-5.876951,0,4.0,15,Y,DC
1,2,0,39.980408,79.28786,4178.702144,14.533709,-0.000762,0.000298,-0.000188,0.000191,0.020245,0.001081,0.074829,0.493134,0.24416,0.073893,-0.005317,0,4.0,15,Y,DC
1,3,0,45.078376,80.264773,4178.749247,14.497126,-0.000897,0.000277,-0.000112,0.000134,0.021993,0.001066,0.100975,0.535859,0.268456,0.045431,-0.008849,0,4.0,15,Y,DC
1,4,0,50.202487,80.975435,4178.774178,14.45714,-0.000834,0.000265,6.2e-05,5.9e-05,0.024196,0.001227,0.092863,0.589453,0.24819,-0.006282,-0.023733,0,4.0,15,Y,DC
1,1,1,0.0,0.0,0.0,0.0,0.128114,0.157765,-0.07447,0.116278,7.143496,0.00577,-47.83006,173.589222,7.758935,40.551785,-5.945955,0,4.0,15,Y,SC
1,2,0,39.968123,72.648385,4174.178415,14.64774,2.4e-05,-0.000119,-0.000599,0.000657,0.019736,0.001259,0.011854,0.480688,-0.030173,0.267939,-0.016431,0,4.0,15,Y,SC
1,3,0,45.168515,74.461303,4174.189535,14.610135,-0.00018,-0.000159,-0.00091,0.000809,0.021559,0.001506,0.05105,0.525357,0.010895,0.364542,0.006223,0,4.0,15,Y,SC
1,4,0,49.889632,78.654871,4173.9692,14.570946,-0.000505,-0.000358,-0.000975,0.000886,0.020185,0.001572,0.136974,0.492416,0.039187,0.393622,0.000125,0,4.0,15,Y,SC
1,1,1,0.0,0.0,0.0,0.0,0.128116,0.156775,-0.075536,0.11675,7.13776,0.008111,-47.669858,173.451439,7.535552,40.883938,-5.861331,0,4.0,20,N,DC
1,2,0,39.916077,76.670398,4179.358057,14.537439,-0.000445,0.00055,-0.000177,0.000184,0.018527,-0.000387,-0.018494,0.450634,0.232151,0.069977,-0.001902,0,4.0,20,N,DC
1,3,0,45.030885,80.038237,4179.450947,14.504081,-0.000638,0.000573,-0.000135,0.000197,0.019487,-0.0005,0.009191,0.474047,0.281469,0.062145,-0.012097,0,4.0,20,N,DC
1,4,0,49.786926,80.418099,4179.45642,14.462394,-0.000781,0.000583,-0.000161,0.00021,0.021254,-0.000567,0.031131,0.51718,0.316568,0.069621,-0.010897,0,4.0,20,N,DC
1,1,1,0.0,0.0,0.0,0.0,0.12772,0.157117,-0.074656,0.116475,7.141465,0.006651,-47.659598,173.541038,7.697511,40.635193,-5.956965,0,4.0,20,N,DC
1,2,0,40.224744,74.617515,4174.729903,14.550528,-0.000284,0.000377,-0.000551,0.000546,0.018175,-0.000466,-0.018551,0.442093,0.159638,0.227461,-0.003499,0,4.0,20,N,DC
1,3,0,44.992007,76.436854,4174.751071,14.512863,-0.000352,0.000335,-0.000653,0.000573,0.019673,-0.000567,-0.000538,0.478744,0.165829,0.25473,0.007623,0,4.0,20,N,DC
1,4,0,50.095243,78.526156,4174.725077,14.477874,-0.000586,0.00035,-0.000839,0.00074,0.020359,-0.00062,0.034538,0.495553,0.226186,0.327081,0.007702,0,4.0,20,N,DC
1,1,1,0.0,0.0,0.0,0.0,0.128223,0.156998,-0.075436,0.116784,7.136592,0.00668,-47.724282,173.422404,7.564284,40.868723,-5.881025,0,4.0,20,Y,DC
1,2,0,40.082183,77.1988,4178.164323,14.535509,-0.000633,0.000224,-0.000228,0.000209,0.024473,0.000963,0.065663,0.59617,0.195772,0.088197,-0.001528,0,4.0,20,Y,DC
1,3,0,45.074279,77.718179,4178.219237,14.496174,-0.000731,0.000245,-0.000193,0.000191,0.027395,0.001115,0.078448,0.667397,0.22195,0.076656,-0.004514,0,4.0,20,Y,DC
1,4,0,49.907643,81.213362,4178.302612,14.457898,-0.000868,0.000245,-0.000171,0.000207,0.028777,0.001239,0.100838,0.701115,0.253031,0.074654,-0.01181,0,4.0,20,Y,DC
1,1,1,0.0,0.0,0.0,0.0,0.12911,0.157661,-0.074686,0.116492,7.146103,0.006026,-47.978162,173.652133,7.507367,40.651215,-5.942157,0,4.0,20,Y,SC
1,2,0,39.985571,72.115012,4174.735709,14.649402,-0.000319,-0.000153,-0.000258,0.000279,0.022628,0.001058,0.075695,0.551608,0.03398,0.115142,-0.009362,0,4.0,20,Y,SC
1,3,0,45.024483,77.37339,4174.509083,14.609838,-0.00102,-0.000272,-0.00038,0.000225,0.021962,0.001181,0.210953,0.536226,0.167656,0.125261,0.014289,0,4.0,20,Y,SC
1,4,0,49.891403,78.285706,4174.447122,14.572792,-0.000999,-0.000372,-0.000429,0.000317,0.023876,0.001351,0.223454,0.582929,0.139457,0.156049,0.005796,0,4.0,20,Y,SC
1,1,1,0.0,0.0,0.0,0.0,0.128104,0.156651,-0.075577,0.116788,7.136917,0.007076,-47.647565,173.431105,7.509439,40.901666,-5.862069,0,4.0,25,N,DC
1,2,0,39.936418,74.325435,4178.9337,14.540443,-0.000226,0.000359,-0.000212,0.000235,0.022627,-0.000333,-0.023701,0.550653,0.135185,0.091831,-0.004925,0,4.0,25,N,DC
1,3,0,45.046993,76.370254,4178.974875,14.49791,-1.1e-05,0.000153,-0.000185,0.000285,0.025464,-0.000364,-0.025382,0.619894,0.035047,0.10088,-0.018052,0,4.0,25,N,DC
1,4,0,50.279594,79.135428,4179.04704,14.458221,-0.000202,0.000198,-0.000445,0.000496,0.027693,-0.000422,-0.002448,0.674213,0.093163,0.19804,-0.012978,0,4.0,25,N,DC
1,1,1,0.0,0.0,0.0,0.0,0.127829,0.157071,-0.07467,0.116471,7.139488,0.00674,-47.669736,173.492908,7.662146,40.638142,-5.953561,0,4.0,25,N,DC
1,2,0,40.058571,77.334626,4174.989808,14.549582,-0.000448,0.00031,-0.000702,0.000603,0.021406,-0.000365,0.019021,0.521078,0.182195,0.271188,0.009682,0,4.0,25,N,DC
1,3,0,45.036562,78.44695,4175.00412,14.512407,-0.000567,0.000316,-0.000814,0.000675,0.023452,-0.000403,0.037347,0.571007,0.211796,0.309147,0.014661,0,4.0,25,N,DC
1,4,0,50.230027,80.253528,4175.040359,14.471747,-0.000856,0.000408,-0.001008,0.000818,0.024111,-0.000509,0.069026,0.587086,0.303087,0.377006,0.020571,0,4.0,25,N,DC
1,1,1,0.0,0.0,0.0,0.0,0.128234,0.156961,-0.075379,0.116779,7.13707,0.006802,-47.720018,173.434077,7.551887,40.856053,-5.889469,0,4.0,25,Y,DC
1,2,0,40.181337,77.338247,4177.813898,14.533386,-0.000416,-3.3e-05,-5.5e-05,0.000101,0.028176,0.000816,0.072674,0.686686,0.080407,0.033726,-0.011579,0,4.0,25,Y,DC
1,3,0,44.884869,78.6839,4177.866619,14.496574,-0.000362,-0.000109,-5.1e-05,0.000192,0.03124,0.001013,0.075754,0.761303,0.049212,0.053444,-0.028027,0,4.0,25,Y,DC
1,4,0,49.946584,79.455003,4177.917241,14.455374,-0.000501,-7e-05,-0.000181,0.000272,0.03415,0.001108,0.091666,0.832239,0.091381,0.09666,-0.021405,0,4.0,25,Y,DC
1,1,1,0.0,0.0,0.0,0.0,0.128824,0.15757,-0.074744,0.116488,7.143349,0.005862,-47.91596,173.585464,7.552509,40.660721,-5.934523,0,4.0,25,Y,SC
1,2,0,39.993226,74.955212,4174.961446,14.64599,-0.000399,-0.000104,1e-05,-1.6e-05,0.026167,0.00103,0.082132,0.637927,0.058485,-0.00403,-0.002477,0,4.0,25,Y,SC
1,3,0,44.98919,79.252352,4174.796268,14.607219,-0.000892,-0.000215,-9.3e-05,4.8e-05,0.025861,0.00113,0.181294,0.631008,0.146763,0.028465,-0.000684,0,4.0,25,Y,SC
1,4,0,49.916396,79.949448,4174.807967,14.570476,-0.001125,-0.000307,-0.000212,8.1e-05,0.027817,0.001171,0.234593,0.679034,0.179021,0.060022,0.010725,0,4.0,25,Y,SC
1,1,1,0.0,0.0,0.0,0.0,0.128067,0.156796,-0.075417,0.116653,7.137461,0.007902,-47.664771,173.444173,7.550171,40.838094,-5.864214,0,4.0,30,N,DC
1,2,0,40.164047,77.286086,4178.511119,14.532932,-0.000257,0.000295,-0.000243,0.000189,0.026943,-0.000464,-0.007876,0.656004,0.125513,0.089861,0.007269,0,4.0,30,N,DC
1,3,0,44.853504,78.673017,4178.522679,14.498226,-0.000354,0.000341,-0.000172,0.000182,0.029259,-0.000523,0.000436,0.712372,0.157512,0.072537,-0.003528,0,4.0,30,N,DC
1,4,0,49.730843,81.39482,4178.527348,14.457945,-0.000582,0.00027,-0.000249,0.000239,0.029843,-0.000637,0.049266,0.726857,0.193804,0.099815,-0.002741,0,4.0,30,N,DC
1,1,1,0.0,0.0,0.0,0.0,0.127897,0.156862,-0.074821,0.116506,7.137735,0.006735,-47.646808,173.450569,7.598312,40.679454,-5.93616,0,4.0,30,N,DC
1,2,0,40.089974,76.43036,4175.543873,14.549158,-0.000527,0.000559,-0.000613,0.000529,0.026412,-0.000507,-0.008545,0.642689,0.257269,0.234595,0.009119,0,4.0,30,N,DC
1,3,0,45.006895,79.456137,4175.656985,14.512734,-0.000635,0.000447,-0.000658,0.000549,0.028481,-0.000584,0.02756,0.693363,0.255182,0.248638,0.011551,0,4.0,30,N,DC
1,4,0,50.102128,80.78596,4175.717091,14.473539,-0.000795,0.000488,-0.000549,0.000462,0.030426,-0.000651,0.047593,0.740815,0.299591,0.206241,0.007856,0,4.0,30,N,DC
1,1,1,0.0,0.0,0.0,0.0,0.12846,0.15698,-0.075337,0.11672,7.137962,0.006698,-47.759936,173.455654,7.503492,40.836502,-5.884588,0,4.0,30,Y,DC
1,2,0,40.242137,75.812234,4177.415385,14.539804,-0.000767,0.000333,-0.000406,0.000345,0.032504,0.000903,0.068882,0.791694,0.253096,0.153501,0.003756,0,4.0,30,Y,DC
1,3,0,46.09808,78.503331,4177.516315,14.487748,-0.001046,0.000347,-0.000318,0.000353,0.036397,0.001044,0.112353,0.886648,0.318648,0.134833,-0.013371,0,4.0,30,Y,DC
1,4,0,49.990355,79.742671,4177.552229,14.455764,-0.001325,0.000373,-0.000153,0.000278,0.0382,0.001117,0.154437,0.930671,0.386282,0.082163,-0.029037,0,4.0,30,Y,DC
1,1,1,0.0,0.0,0.0,0.0,0.128229,0.157741,-0.074131,0.11617,7.149686,0.006049,-47.844569,173.739868,7.720727,40.459488,-5.982009,0,4.0,30,Y,SC
1,2,0,40.200561,73.126188,4175.759546,14.539876,8.1e-05,-0.000993,-0.000102,7.2e-05,0.02923,0.001154,0.149052,0.713739,-0.265555,0.050679,-0.002894,0,4.0,30,Y,SC
1,3,0,45.47182,76.389596,4175.25751,14.500806,-0.00038,-0.001113,-0.000185,7.9e-05,0.029924,0.001219,0.244556,0.731208,-0.187641,0.067482,0.005627,0,4.0,30,Y,SC
1,4,0,50.325365,76.829327,4175.168216,14.465695,-0.000424,-0.001202,-0.000223,0.000126,0.033125,0.001403,0.26599,0.80936,-0.199124,0.086277,0.002795,0,4.0,30,Y,SC
1,1,1,0.0,0.0,0.0,0.0,0.128396,0.156801,-0.075407,0.116745,7.139657,0.007298,-47.72026,173.497327,7.47553,40.857997,-5.879317,0,4.0,35,N,DC
1,2,0,39.971906,74.392123,4178.427784,14.543025,-0.000261,0.000334,-0.0003,0.000261,0.030627,-0.000353,-0.014103,0.745635,0.135849,0.117022,0.004434,0,4.0,35,N,DC
1,3,0,45.232932,79.544197,4178.356831,14.498498,-0.000627,0.000361,-0.000627,0.000503,0.032825,-0.000396,0.040377,0.79935,0.23073,0.234118,0.013638,0,4.0,35,N,DC
1,4,0,49.874049,80.596563,4178.281637,14.458178,-0.000751,0.000287,-0.000397,0.000381,0.034902,-0.000472,0.073595,0.850141,0.23779,0.160006,-0.003898,0,4.0,35,N,DC
1,1,1,0.0,0.0,0.0,0.0,0.12877,0.156715,-0.075079,0.11667,7.140431,0.006995,-47.767232,173.515927,7.364501,40.776829,-5.917795,0,4.0,35,N,DC
1,2,0,40.096291,78.015149,4176.865383,14.549166,-0.0008,0.000399,-0.000355,0.000293,0.028905,-0.000413,0.063939,0.703958,0.276735,0.13039,0.004821,0,4.0,35,N,DC
1,3,0,45.000718,79.215815,4176.843433,14.511609,-0.001058,0.00047,-0.000317,0.000295,0.031185,-0.000422,0.094521,0.759527,0.35212,0.120673,-0.002891,0,4.0,35,N,DC
1,4,0,50.174905,79.979221,4176.835781,14.472999,-0.001176,0.00047,-0.000564,0.000458,0.03428,-0.000484,0.11294,0.834997,0.381995,0.206285,0.008383,0,4.0,35,N,DC
1,1,1,0.0,0.0,0.0,0.0,0.128592,0.156803,-0.075306,0.1167,7.138316,0.007079,-47.75254,173.464501,7.430026,40.828535,-5.886652,0,4.0,35,Y,DC
1,2,0,40.078813,77.499506,4177.080332,14.533158,-0.000672,0.00033,-0.000291,0.000305,0.036368,0.000669,0.053996,0.885728,0.227796,0.122182,-0.007432,0,4.0,35,Y,DC
1,3,0,45.314145,78.610542,4177.095999,14.494519,-0.000868,0.000344,-0.000237,0.000254,0.040566,0.000735,0.083955,0.988128,0.274031,0.098925,-0.008558,0,4.0,35,Y,DC
1,4,0,49.901305,79.186515,4177.109227,14.458374,-0.001029,0.000365,-0.000297,0.000291,0.044192,0.000845,0.10669,1.076557,0.31594,0.118518,-0.006066,0,4.0,35,Y,DC
1,1,1,0.0,0.0,0.0,0.0,0.128473,0.157383,-0.074347,0.116391,7.146516,0.00653,-47.826972,173.662982,7.582922,40.55612,-5.985911,0,4.0,35,Y,SC
1,2,0,40.081186,73.227244,4174.786652,14.539926,-9.8e-05,-0.000339,-0.000351,0.000291,0.035112,0.000896,0.069515,0.85595,-0.064738,0.142191,0.003663,0,4.0,35,Y,SC
1,3,0,45.135607,75.313819,4174.627966,14.501551,-0.00032,-0.000408,-0.000406,0.00028,0.038578,0.00101,0.11734,0.940727,-0.030872,0.150891,0.012406,0,4.0,35,Y,SC
1,4,0,50.025144,76.287752,4174.532262,14.46362,-0.000504,-0.000443,-0.000277,0.000258,0.041946,0.001052,0.153471,1.022894,0.000629,0.118653,-0.006101,0,4.0,35,Y,SC
1,1,1,0.0,0.0,0.0,0.0,0.128718,0.15679,-0.075415,0.116794,7.140906,0.007239,-47.771599,173.527491,7.398605,40.872512,-5.884466,0,4.0,40,N,DC
1,2,0,40.215019,73.280402,4178.671038,14.535544,-0.000504,0.000504,-0.00047,0.000438,0.034601,-0.00036,-0.003084,0.84225,0.234113,0.18715,0.0012,0,4.0,40,N,DC
1,3,0,45.147301,76.705737,4178.646325,14.494511,-0.000786,0.000539,-0.000473,0.000531,0.038143,-0.000371,0.036945,0.928578,0.307081,0.205167,-0.015799,0,4.0,40,N,DC
1,4,0,50.094167,77.384768,4178.566312,14.456977,-0.000878,0.000515,-0.000481,0.000565,0.041865,-0.000444,0.055865,1.019311,0.321857,0.214187,-0.021167,0,4.0,40,N,DC
1,1,1,0.0,0.0,0.0,0.0,0.129389,0.157109,-0.075184,0.116852,7.143942,0.007381,-47.935026,173.600213,7.318056,40.838516,-5.925365,0,4.0,40,N,DC
1,2,0,40.431594,75.06822,4177.932132,14.553812,-0.001228,0.000378,-0.000262,0.000248,0.032683,-0.000348,0.137792,0.796316,0.36797,0.098794,-0.005523,0,4.0,40,N,DC
1,3,0,45.215328,76.639056,4177.800618,14.516133,-0.001442,0.000324,-0.000279,0.000257,0.035295,-0.000375,0.181885,0.860179,0.403475,0.10362,-0.006018,0,4.0,40,N,DC
1,4,0,50.264939,78.296372,4177.624446,14.4792,-0.001661,0.000331,-0.000314,0.000286,0.037966,-0.000439,0.216668,0.925394,0.455579,0.115724,-0.006677,0,4.0,40,N,DC
1,1,1,0.0,0.0,0.0,0.0,0.128731,0.156784,-0.075306,0.116679,7.138613,0.007312,-47.772181,173.471687,7.392943,40.825443,-5.882497,0,4.0,40,Y,DC
1,2,0,40.086792,75.303701,4176.718631,14.538406,-0.000479,0.000126,0.000133,-5e-06,0.041006,0.000577,0.057225,0.998987,0.126636,-0.028291,-0.023159,0,4.0,40,Y,DC
1,3,0,44.92628,77.668105,4176.805504,14.496352,-0.000632,8.3e-05,5.8e-05,7.4e-05,0.045192,0.000704,0.088888,1.101108,0.151535,0.004011,-0.026054,0,4.0,40,Y,DC
1,4,0,50.076084,78.728307,4176.797726,14.463661,-0.000677,9.9e-05,0.000158,-8e-06,0.049938,0.000804,0.093904,1.216743,0.162509,-0.034318,-0.028395,0,4.0,40,Y,DC
1,1,1,0.0,0.0,0.0,0.0,0.128614,0.157291,-0.07448,0.116477,7.144627,0.005949,-47.835356,173.61703,7.530883,40.60409,-5.978762,0,4.0,40,Y,SC
1,2,0,39.917061,71.642038,4174.351752,14.543076,9.4e-05,-0.000435,-0.000428,0.000347,0.039831,0.000911,0.053326,0.970951,-0.132545,0.17348,0.006959,0,4.0,40,Y,SC
1,3,0,45.04654,72.657388,4174.338662,14.5031,0.000289,-0.000628,-0.000446,0.000383,0.044833,0.001092,0.052664,1.092979,-0.224825,0.188547,0.003616,0,4.0,40,Y,SC
1,4,0,49.357998,75.185283,4174.28832,14.460333,0.00011,-0.000716,-0.000581,0.000485,0.04796,0.001158,0.095882,1.169408,-0.203869,0.238253,0.006145,0,4.0,40,Y,SC
1,1,1,0.0,0.0,0.0,0.0,0.129036,0.156576,-0.07545,0.11685,7.141024,0.007575,-47.789142,173.530487,7.274527,40.896262,-5.88798,0,4.0,45,N,DC
1,2,0,40.122782,71.47152,4178.750461,14.544595,-0.000466,0.000448,-0.000367,0.000332,0.040861,-0.000466,0.000143,0.994885,0.208321,0.144912,0.002481,0,4.0,45,N,DC
1,3,0,45.165291,73.252477,4178.758079,14.497212,-0.000491,0.000442,-0.000473,0.000445,0.045888,-0.000503,0.004702,1.117317,0.212964,0.191393,5.1e-05,0,4.0,45,N,DC
1,4,0,50.2382,75.449458,4178.760971,14.456623,-0.000581,0.000394,-0.00036,0.000384,0.050592,-0.000593,0.027563,1.232057,0.2191,0.155263,-0.008739,0,4.0,45,N,DC
1,1,1,0.0,0.0,0.0,0.0,0.128839,0.156886,-0.0751,0.116742,7.140235,0.007395,-47.807098,173.510726,7.390585,40.794997,-5.925171,0,4.0,45,N,DC
1,2,0,39.973567,73.997036,4177.819176,14.555615,-0.000477,0.000384,-0.000164,0.00024,0.041202,-0.000549,0.013072,1.003264,0.19276,0.083241,-0.015193,0,4.0,45,N,DC
1,3,0,44.982207,77.327412,4177.696551,14.518205,-0.00073,0.000437,-0.00055,0.000517,0.044865,-0.000594,0.044473,1.09255,0.268081,0.220764,-0.001343,0,4.0,45,N,DC
1,4,0,49.99044,78.360518,4177.600138,14.476373,-0.001018,0.000539,-1.1e-05,0.000155,0.048644,-0.000672,0.076945,1.184654,0.350295,0.028698,-0.027847,0,4.0,45,N,DC
1,1,1,0.0,0.0,0.0,0.0,0.129158,0.156557,-0.075315,0.116774,7.138389,0.007027,-47.805694,173.46623,7.240922,40.852324,-5.896117,0,4.0,45,Y,DC
1,2,0,40.097271,76.887011,4176.414041,14.530987,-0.000689,0.000257,-0.000323,0.000303,0.04738,0.000678,0.068426,1.154168,0.210946,0.130566,-0.002508,0,4.0,45,Y,DC
1,3,0,45.067538,77.777034,4176.428868,14.494206,-0.000684,0.000153,-0.000112,0.000254,0.052671,0.000589,0.084793,1.283143,0.180734,0.077563,-0.029108,0,4.0,45,Y,DC
1,4,0,50.113212,78.256456,4176.443243,14.455287,-0.000875,0.000231,-6.1e-05,0.000215,0.058116,0.00079,0.103524,1.415794,0.241184,0.057222,-0.031398,0,4.0,45,Y,DC
1,1,1,0.0,0.0,0.0,0.0,0.129124,0.157152,-0.074544,0.116553,7.14502,0.006089,-47.896943,173.626459,7.380669,40.638603,-5.979182,0,4.0,45,Y,SC
1,2,0,40.138497,70.938345,4174.253787,14.544102,4.3e-05,-0.000316,-0.000542,0.000398,0.046299,0.000888,0.04161,1.128386,-0.092611,0.207433,0.017359,0,4.0,45,Y,SC
1,3,0,45.316695,75.994875,4174.099717,14.505181,-0.000517,-0.00035,-0.000876,0.000527,0.050385,0.000998,0.138555,1.228451,0.031139,0.301407,0.045293,0,4.0,45,Y,SC
1,4,0,49.97803,76.747859,4174.081218,14.464647,-0.000224,-0.000483,-0.000863,0.000571,0.05562,0.001,0.111953,1.355945,-0.069727,0.312248,0.036646,0,4.0,45,Y,SC
1,1,1,0.0,0.0,0.0,0.0,0.128199,0.157167,-0.075419,0.116777,7.141106,0.007452,-47.748312,173.532096,7.608805,40.862563,-5.881504,0,5.5,0,N,DC
1,2,0,40.323715,71.767978,4178.814685,14.534896,-0.000315,0.000387,-0.0003,0.000304,0.007868,-0.000117,-0.013572,0.191102,0.168062,0.122032,-0.002843,0,5.5,0,N,DC
1,3,0,44.988338,73.219045,4178.829971,14.493742,-0.000465,0.000459,-0.000422,0.000491,0.008476,-8.1e-05,-0.001743,0.205764,0.222483,0.185162,-0.015432,0,5.5,0,N,DC
1,4,0,50.048998,74.192664,4178.819978,14.492844,-0.000472,0.000446,-0.000316,0.000431,0.009028,-0.00011,0.00189,0.219229,0.219127,0.150456,-0.022452,0,5.5,0,N,DC
1,1,1,0.0,0.0,0.0,0.0,0.12757,0.15758,-0.075622,0.116852,7.138234,0.007057,-47.712884,173.461917,7.856402,40.911903,-5.862441,0,5.5,0,N,SC
1,2,0,39.822324,73.761525,4181.269575,14.539713,-0.000319,0.000369,-0.000296,0.000357,0.007094,-9.4e-05,-0.01019,0.172203,0.165199,0.132301,-0.012675,0,5.5,0,N,SC
1,3,0,44.980635,76.523592,4181.330958,14.501918,-0.000382,0.000274,-0.000268,0.000315,0.00762,-9.2e-05,0.015932,0.185252,0.156373,0.118011,-0.011027,0,5.5,0,N,SC
1,4,0,50.330136,78.010197,4181.343509,14.463663,-0.000509,0.000347,-0.000262,0.000327,0.008162,-7e-05,0.024845,0.198399,0.202903,0.117856,-0.01443,0,5.5,0,N,SC
1,1,1,0.0,0.0,0.0,0.0,0.128027,0.157116,-0.075238,0.116696,7.138424,0.00714,-47.710999,173.466936,7.634819,40.806016,-5.898371,0,5.5,0,Y,DC
1,2,0,40.022678,75.335915,4175.685407,14.535595,-0.00051,0.000159,8.8e-05,0.000111,0.015407,0.001224,0.056896,0.375215,0.150973,0.001291,-0.035569,0,5.5,0,Y,DC
1,3,0,45.117745,77.01833,4175.746423,14.495258,-0.000688,0.000142,0.000116,0.000139,0.016972,0.001348,0.088839,0.413441,0.187265,0.000335,-0.046146,0,5.5,0,Y,DC
1,4,0,50.308473,78.042305,4175.786946,14.456725,-0.000779,0.000189,4.8e-05,0.000202,0.01838,0.00148,0.095574,0.447712,0.220104,0.027039,-0.046307,0,5.5,0,Y,DC
1,1,1,0.0,0.0,0.0,0.0,0.128345,0.157898,-0.075481,0.116933,7.142831,0.007488,-47.89343,173.57262,7.752359,40.902503,-5.891956,0,5.5,0,Y,SC
1,2,0,40.027313,72.043573,4181.130645,14.53986,-0.000699,0.000143,-0.000143,0.000294,0.014038,0.001261,0.089727,0.34199,0.194278,0.086885,-0.030809,0,5.5,0,Y,SC
1,3,0,45.125502,73.426676,4181.131333,14.513183,-0.000839,0.000148,-5.6e-05,0.00027,0.015288,0.001481,0.112123,0.372491,0.22644,0.0627,-0.041497,0,5.5,0,Y,SC
1,4,0,50.07636,75.445918,4181.055218,14.466699,-0.001085,0.000152,5.5e-05,0.000251,0.016117,0.001645,0.152021,0.3928,0.28251,0.033619,-0.058005,0,5.5,0,Y,SC
1,1,1,0.0,0.0,0.0,0.0,0.128199,0.157,-0.075432,0.116763,7.139848,0.007002,-47.720621,173.501755,7.569118,40.863562,-5.878236,0,5.5,5,N,DC
1,2,0,39.947825,74.867255,4178.65555,14.532298,-0.000277,0.000351,-0.000355,0.000441,0.008698,-7.3e-05,-0.014623,0.211235,0.152226,0.162948,-0.017373,0,5.5,5,N,DC
1,3,0,44.740278,76.368668,4178.667478,14.491212,-0.000269,0.000239,-0.000216,0.000397,0.009251,-3.5e-05,0.002707,0.224847,0.121342,0.12576,-0.033148,0,5.5,5,N,DC
1,4,0,50.267409,77.229809,4178.649094,14.454408,-0.000409,0.000267,-0.000303,0.000502,0.009954,-5.6e-05,0.020559,0.241969,0.161754,0.164802,-0.037745,0,5.5,5,N,DC
1,1,1,0.0,0.0,0.0,0.0,0.127703,0.157397,-0.075615,0.116793,7.137786,0.007691,-47.704418,173.45128,7.781595,40.90069,-5.853925,0,5.5,5,N,SC
1,2,0,40.026529,74.723825,4181.46421,14.538344,-0.000474,0.000549,-0.000172,0.000272,0.00843,-0.000165,-0.013985,0.204564,0.242258,0.085773,-0.017821,0,5.5,5,N,SC
1,3,0,44.931886,76.149122,4181.476158,14.51774,-0.000407,0.00046,-0.000159,0.000301,0.009438,-0.000184,-0.010441,0.229193,0.205337,0.090434,-0.025137,0,5.5,5,N,SC
1,4,0,50.015395,76.957781,4181.495247,14.461434,-0.000489,0.000453,-0.000178,0.000354,0.01012,-0.000155,0.00394,0.245834,0.222687,0.105256,-0.031687,0,5.5,5,N,SC
1,1,1,0.0,0.0,0.0,0.0,0.128118,0.156994,-0.075174,0.116704,7.138812,0.006882,-47.705861,173.476475,7.583653,40.796225,-5.910604,0,5.5,5,Y,DC
1,2,0,40.291895,77.847931,4175.022718,14.5339,-0.000656,9.8e-05,-5.2e-05,0.000223,0.015967,0.001252,0.090426,0.389038,0.17181,0.054064,-0.033512,0,5.5,5,Y,DC
1,3,0,44.878391,78.731274,4175.088139,14.496769,-0.000681,8.2e-05,-0.000126,0.000241,0.016963,0.001403,0.096865,0.413384,0.174141,0.073531,-0.024903,0,5.5,5,Y,DC
1,4,0,49.989669,79.288411,4175.12816,14.462947,-0.000785,7.4e-05,6.6e-05,0.000209,0.018436,0.001563,0.115679,0.449252,0.193755,0.025852,-0.051132,0,5.5,5,Y,DC
1,1,1,0.0,0.0,0.0,0.0,0.128055,0.157605,-0.07556,0.116841,7.139236,0.007181,-47.796821,173.48592,7.749739,40.900154,-5.867462,0,5.5,5,Y,SC
1,2,0,39.960928,74.149635,4181.153546,14.539452,-0.000584,0.000195,-0.000333,0.000466,0.015543,0.001329,0.061252,0.378428,0.182869,0.163798,-0.028386,0,5.5,5,Y,SC
1,3,0,45.46796,78.683704,4181.085061,14.496895,-0.000882,0.000158,-0.000218,0.000414,0.016125,0.001519,0.116774,0.392845,0.241189,0.126709,-0.040338,0,5.5,5,Y,SC
1,4,0,50.004638,79.234111,4181.042695,14.465107,-0.001042,0.000145,-0.000251,0.000436,0.017331,0.001704,0.145041,0.422363,0.274913,0.13745,-0.039887,0,5.5,5,Y,SC
1,1,1,0.0,0.0,0.0,0.0,0.12865,0.156802,-0.075395,0.116777,7.140214,0.007651,-47.762421,173.510679,7.417033,40.864103,-5.885326,0,5.5,10,N,DC
1,2,0,39.988004,73.609027,4178.722354,14.532356,-0.000514,0.000495,-0.000183,0.000235,0.012518,-0.000173,0.001746,0.304317,0.237159,0.080978,-0.010564,0,5.5,10,N,DC
1,3,0,45.178065,75.000667,4178.735589,14.492203,-0.000606,0.000503,-0.000109,0.00017,0.013772,-0.00023,0.015801,0.334949,0.258482,0.050985,-0.011826,0,5.5,10,N,DC
1,4,0,50.173854,76.687539,4178.704227,14.453625,-0.000766,0.000548,-0.000277,0.000379,0.014647,-0.000225,0.033744,0.356168,0.309,0.12893,-0.021053,0,5.5,10,N,DC
1,1,1,0.0,0.0,0.0,0.0,0.127982,0.157164,-0.075633,0.116803,7.13785,0.008323,-47.712038,173.453058,7.661197,40.910851,-5.85273,0,5.5,10,N,SC
1,2,0,39.959263,74.003335,4181.585927,14.538967,-0.000599,0.000646,-0.000366,0.00035,0.012056,-0.000311,-0.009708,0.29287,0.295766,0.14155,1.1e-05,0,5.5,10,N,SC
1,3,0,44.949482,78.890855,4181.622739,14.499181,-0.000584,0.000448,-0.000398,0.000468,0.012775,-0.000348,0.019793,0.310619,0.245603,0.175176,-0.016202,0,5.5,10,N,SC
1,4,0,50.026284,79.140415,4181.620377,14.471679,-0.000703,0.000514,-0.000388,0.000409,0.013949,-0.000397,0.028763,0.339224,0.288053,0.159215,-0.008131,0,5.5,10,N,SC
1,1,1,0.0,0.0,0.0,0.0,0.128397,0.156732,-0.075152,0.116691,7.13905,0.006943,-47.708759,173.482524,7.455759,40.793484,-5.912035,0,5.5,10,Y,DC
1,2,0,40.097492,76.023321,4174.501398,14.534922,-0.000369,0.000113,-5.7e-05,0.000136,0.019347,0.00103,0.041132,0.471279,0.107652,0.039284,-0.015795,0,5.5,10,Y,DC
1,3,0,44.971657,77.379332,4174.554237,14.497218,-0.000471,9.9e-05,-0.000105,0.000196,0.021256,0.001252,0.059734,0.517827,0.12794,0.061803,-0.019052,0,5.5,10,Y,DC
1,4,0,49.845412,78.968582,4174.605377,14.45752,-0.000632,0.0001,-9.7e-05,0.000174,0.022773,0.00143,0.0862,0.554929,0.164688,0.054248,-0.017656,0,5.5,10,Y,DC
1,1,1,0.0,0.0,0.0,0.0,0.128099,0.157298,-0.075568,0.116819,7.136841,0.007115,-47.753461,173.428095,7.666545,40.900113,-5.864163,0,5.5,10,Y,SC
1,2,0,40.131685,76.16344,4180.730223,14.538893,-0.000533,0.000125,-7.6e-05,0.000153,0.01871,0.00118,0.065881,0.455845,0.148816,0.045406,-0.016678,0,5.5,10,Y,SC
1,3,0,45.053853,77.359132,4180.767182,14.501308,-0.000566,9.9e-05,-8.4e-05,0.000157,0.020722,0.0013,0.075635,0.504931,0.149654,0.048221,-0.016509,0,5.5,10,Y,SC
1,4,0,50.19287,78.594749,4180.791929,14.463446,-0.000786,9.7e-05,-0.000199,0.000209,0.022737,0.001556,0.11192,0.5542,0.200658,0.081909,-0.008101,0,5.5,10,Y,SC
1,1,1,0.0,0.0,0.0,0.0,0.129127,0.156658,-0.075458,0.116802,7.142448,0.007707,-47.817494,173.565031,7.272537,40.887833,-5.877214,0,5.5,15,N,DC
1,2,0,40.138015,71.582651,4178.978708,14.532494,-0.000578,0.000595,-0.000344,0.000384,0.018547,-0.000141,-0.005172,0.451033,0.276621,0.145636,-0.009542,0,5.5,15,N,DC
1,3,0,45.0595,73.505915,4178.960185,14.493378,-0.000667,0.000575,-0.000321,0.000447,0.020294,-0.000157,0.012446,0.493597,0.291877,0.153792,-0.024902,0,5.5,15,N,DC
1,4,0,49.965065,77.90189,4178.775014,14.454426,-0.001072,0.000619,-0.000198,0.000394,0.019645,-0.000183,0.07225,0.477957,0.394492,0.113117,-0.037966,0,5.5,15,N,DC
1,1,1,0.0,0.0,0.0,0.0,0.128069,0.157,-0.075628,0.116804,7.137289,0.007577,-47.69942,173.439616,7.601799,40.912264,-5.854255,0,5.5,15,N,SC
1,2,0,39.876645,75.76629,4181.651471,14.54097,-0.000487,0.000578,-0.000196,0.000199,0.018282,-0.000154,-0.016345,0.444636,0.248969,0.076451,-0.001311,0,5.5,15,N,SC
1,3,0,44.895957,76.61605,4181.689321,14.501961,-0.000489,0.000514,-0.000337,0.000344,0.020539,-0.000186,-0.006464,0.499678,0.235578,0.137539,-0.003917,0,5.5,15,N,SC
1,4,0,50.33791,77.961602,4181.70873,14.461657,-0.000597,0.000588,-0.00046,0.000462,0.022745,-0.000212,-0.001364,0.553316,0.279487,0.186956,-0.004293,0,5.5,15,N,SC
1,1,1,0.0,0.0,0.0,0.0,0.128555,0.15663,-0.075034,0.11669,7.139811,0.007055,-47.717874,173.501058,7.393507,40.770616,-5.930529,0,5.5,15,Y,DC
1,2,0,40.10352,75.675936,4173.879727,14.534058,-0.000507,0.000249,-7.1e-05,0.000166,0.024431,0.000896,0.041007,0.594954,0.171002,0.047026,-0.018657,0,5.5,15,Y,DC
1,3,0,45.074956,78.586905,4173.960433,14.493791,-0.000672,0.000165,-0.000189,0.000243,0.026439,0.000995,0.081596,0.644144,0.18954,0.087691,-0.014293,0,5.5,15,Y,DC
1,4,0,49.998181,79.722834,4174.010092,14.457479,-0.000787,0.000107,-1.9e-05,0.000148,0.028305,0.001144,0.110507,0.689753,0.199296,0.031915,-0.026883,0,5.5,15,Y,DC
1,1,1,0.0,0.0,0.0,0.0,0.128225,0.157161,-0.075556,0.116782,7.136886,0.007293,-47.751512,173.429377,7.603933,40.89213,-5.860024,0,5.5,15,Y,SC
1,2,0,39.988907,77.60065,4180.50003,14.538089,-0.00075,0.000354,-0.000176,0.000231,0.023911,0.00094,0.063323,0.58229,0.253813,0.079931,-0.013521,0,5.5,15,Y,SC
1,3,0,45.105203,78.446963,4180.521387,14.507718,-0.00082,0.000371,-0.000227,0.000256,0.026675,0.001093,0.071983,0.649641,0.273723,0.095437,-0.009905,0,5.5,15,Y,SC
1,4,0,50.05859,78.803787,4180.542431,14.469438,-0.000992,0.000391,-0.000261,0.000296,0.0294,0.001201,0.096831,0.7161,0.318075,0.10992,-0.012244,0,5.5,15,Y,SC
1,1,1,0.0,0.0,0.0,0.0,0.128817,0.15651,-0.075466,0.116758,7.139663,0.007804,-47.741794,173.49771,7.308857,40.878973,-5.871387,0,5.5,20,N,DC
1,2,0,40.065433,72.482948,4178.753498,14.530932,-0.000234,0.000587,-0.000193,0.000263,0.025241,-0.000262,-0.060044,0.613898,0.190983,0.092088,-0.011243,0,5.5,20,N,DC
1,3,0,44.842369,75.364318,4178.748711,14.493359,-0.000452,0.000589,-0.000303,0.000409,0.027073,-0.000207,-0.025295,0.658587,0.24338,0.144363,-0.019878,0,5.5,20,N,DC
1,4,0,50.232256,79.732072,4178.567397,14.453933,-0.000817,0.000623,-0.000212,0.000353,0.027671,-0.00024,0.029586,0.673341,0.333924,0.110365,-0.027164,0,5.5,20,N,DC
1,1,1,0.0,0.0,0.0,0.0,0.128224,0.156921,-0.075631,0.116725,7.137912,0.007857,-47.711541,173.454915,7.546321,40.89842,-5.839896,0,5.5,20,N,SC
1,2,0,40.057578,76.91131,4181.866485,14.535213,-0.000538,0.000476,-0.000162,0.000231,0.023385,-0.00036,0.008479,0.569088,0.234533,0.077212,-0.013691,0,5.5,20,N,SC
1,3,0,44.979847,78.435819,4181.859553,14.498714,-0.000542,0.000535,-0.000292,0.000398,0.025822,-0.000404,-0.001463,0.62828,0.251109,0.139486,-0.020692,0,5.5,20,N,SC
1,4,0,50.267777,79.575046,4181.850307,14.458532,-0.000717,0.000553,-0.000499,0.00052,0.028101,-0.000361,0.023728,0.683907,0.297762,0.207642,-0.009079,0,5.5,20,N,SC
1,1,1,0.0,0.0,0.0,0.0,0.12856,0.156565,-0.074944,0.116648,7.140081,0.007364,-47.707809,173.507719,7.375599,40.743415,-5.938404,0,5.5,20,Y,DC
1,2,0,39.929721,75.431922,4173.404757,14.532585,-0.000559,0.000338,-0.000191,0.000309,0.029548,0.000609,0.034176,0.719416,0.20497,0.10159,-0.023338,0,5.5,20,Y,DC
1,3,0,44.873837,76.928416,4173.484572,14.495253,-0.00065,0.000297,-0.000224,0.00034,0.032715,0.000748,0.055552,0.796705,0.215444,0.115242,-0.024241,0,5.5,20,Y,DC
1,4,0,50.090884,78.145894,4173.513494,14.455921,-0.000789,0.000309,-0.000249,0.000297,0.035862,0.000854,0.076688,0.873508,0.249501,0.110891,-0.013758,0,5.5,20,Y,DC
1,1,1,0.0,0.0,0.0,0.0,0.128311,0.157047,-0.075562,0.116783,7.136965,0.007309,-47.746855,173.431457,7.556676,40.895314,-5.859592,0,5.5,20,Y,SC
1,2,0,40.110063,76.642151,4180.27361,14.535765,-0.000543,0.000202,-0.000193,0.000262,0.029162,0.00065,0.054058,0.7103,0.168221,0.093486,-0.015861,0,5.5,20,Y,SC
1,3,0,44.979174,78.056876,4180.31575,14.500053,-0.000736,0.00024,-0.000329,0.000332,0.032399,0.000802,0.079086,0.789254,0.222614,0.135537,-0.006925,0,5.5,20,Y,SC
1,4,0,50.110149,78.949961,4180.32161,14.466432,-0.000869,0.000248,-0.000387,0.000358,0.035851,0.000957,0.099515,0.873424,0.254886,0.152675,-0.002886,0,5.5,20,Y,SC
1,1,1,0.0,0.0,0.0,0.0,0.129573,0.155959,-0.075456,0.116813,7.141031,0.008016,-47.775886,173.531387,7.002065,40.899516,-5.88176,0,5.5,25,N,DC
1,2,0,40.219607,71.840941,4178.704411,14.532278,-0.000318,0.000424,-0.000404,0.000402,0.028865,-0.000343,-0.02028,0.702531,0.173064,0.167039,-0.002782,0,5.5,25,N,DC
1,3,0,44.952943,73.680586,4178.722421,14.492511,-0.000409,0.000441,-0.000516,0.000503,0.031841,-0.000371,-0.008618,0.775021,0.198797,0.211309,-0.00231,0,5.5,25,N,DC
1,4,0,50.112343,79.348381,4178.472045,14.453352,-0.000823,0.000403,-0.000248,0.000316,0.031865,-0.000408,0.066746,0.775976,0.281198,0.112927,-0.016709,0,5.5,25,N,DC
1,1,1,0.0,0.0,0.0,0.0,0.130076,0.156493,-0.075161,0.117038,7.144317,0.006593,-47.947855,173.609716,7.012314,40.883681,-5.960845,0,5.5,25,N,SC
1,2,0,39.859406,71.010445,4177.441481,14.544381,-0.000816,0.000431,-0.000348,0.000399,0.026966,-0.000328,0.060759,0.656555,0.28941,0.150498,-0.014454,0,5.5,25,N,SC
1,3,0,45.27636,74.085846,4177.347543,14.516776,-0.001153,0.000527,-0.000225,0.000336,0.029795,-0.000428,0.100603,0.725514,0.387646,0.108318,-0.024924,0,5.5,25,N,SC
1,4,0,50.099696,75.323201,4177.249745,14.480562,-0.001296,0.000535,-0.000352,0.000435,0.032388,-0.000435,0.122396,0.788748,0.423538,0.154958,-0.022181,0,5.5,25,N,SC
1,1,1,0.0,0.0,0.0,0.0,0.129115,0.156121,-0.074951,0.116701,7.140308,0.007011,-47.726522,173.513587,7.140928,40.764614,-5.946079,0,5.5,25,Y,DC
1,2,0,40.056194,76.133944,4172.992315,14.532323,-0.000682,0.000299,-0.000332,0.000382,0.034354,0.000714,0.060342,0.836684,0.224312,0.146855,-0.014223,0,5.5,25,Y,DC
1,3,0,45.051166,77.731638,4173.024313,14.49429,-0.000729,0.000232,-0.000358,0.000376,0.03782,0.000898,0.078887,0.921286,0.217996,0.151726,-0.009813,0,5.5,25,Y,DC
1,4,0,50.281043,78.512293,4173.050639,14.454427,-0.000781,0.000203,-0.000344,0.000358,0.041483,0.000912,0.092352,1.010633,0.22151,0.145402,-0.009462,0,5.5,25,Y,DC
1,1,1,0.0,0.0,0.0,0.0,0.129566,0.156764,-0.075497,0.117161,7.142511,0.007922,-47.90898,173.565695,7.19986,40.973718,-5.928972,0,5.5,25,Y,SC
1,2,0,40.057152,75.651408,4177.008244,14.560783,-0.001175,0.000321,8.7e-05,2e-05,0.03261,0.000753,0.139677,0.79459,0.337129,-0.021632,-0.023138,0,5.5,25,Y,SC
1,3,0,45.147581,78.545089,4176.78755,14.523252,-0.001539,0.000315,0.000189,-0.000109,0.034467,0.000789,0.201411,0.840177,0.417026,-0.072532,-0.020027,0,5.5,25,Y,SC
1,4,0,49.833917,78.982157,4176.740185,14.48048,-0.001739,0.000323,2.6e-05,3.1e-05,0.037592,0.00091,0.232233,0.916389,0.466555,-0.010077,-0.01872,0,5.5,25,Y,SC
1,1,1,0.0,0.0,0.0,0.0,0.130055,0.155977,-0.075431,0.116844,7.143282,0.007561,-47.858533,173.585809,6.894455,40.904594,-5.88777,0,5.5,30,N,DC
1,2,0,40.343093,78.086136,4178.809783,14.529464,-0.000833,0.000298,-0.00039,0.000405,0.030697,-0.000165,0.085279,0.747701,0.260435,0.162098,-0.009653,0,5.5,30,N,DC
1,3,0,45.260485,78.21519,4178.698663,14.487257,-0.000991,0.000401,-0.000465,0.000464,0.034119,-0.000183,0.093878,0.830991,0.321894,0.188629,-0.007895,0,5.5,30,N,DC
1,4,0,49.798772,79.066164,4178.570107,14.451751,-0.001065,0.00033,-0.000456,0.000487,0.036909,-0.000219,0.11764,0.899102,0.321214,0.19209,-0.014409,0,5.5,30,N,DC
1,1,1,0.0,0.0,0.0,0.0,0.129843,0.156508,-0.075146,0.116975,7.142442,0.007229,-47.91135,173.564221,7.069626,40.865233,-5.953967,0,5.5,30,N,SC
1,2,0,39.890851,75.606192,4177.020313,14.553791,-0.000848,0.000348,-0.000656,0.000639,0.032278,-0.000141,0.078183,0.786072,0.279675,0.26697,-0.006488,0,5.5,30,N,SC
1,3,0,44.816694,77.990377,4176.740755,14.522188,-0.001106,0.000347,-0.000616,0.000633,0.034093,-0.000239,0.120945,0.830459,0.337924,0.255449,-0.013506,0,5.5,30,N,SC
1,4,0,50.260431,78.812715,4176.543834,14.480635,-0.001386,0.000397,-0.000759,0.000725,0.037069,-0.000296,0.158172,0.903065,0.415539,0.302902,-0.007554,0,5.5,30,N,SC
1,1,1,0.0,0.0,0.0,0.0,0.129176,0.156119,-0.074791,0.116595,7.141328,0.006774,-47.735581,173.5384,7.123895,40.709253,-5.953502,0,5.5,30,Y,DC
1,2,0,40.032654,74.193074,4172.588142,14.532845,-0.000766,0.000413,-0.000361,0.000423,0.04035,0.000644,0.054997,0.982588,0.269452,0.160638,-0.016192,0,5.5,30,Y,DC
1,3,0,44.981254,76.397715,4172.631573,14.492856,-0.000931,0.000451,-0.000348,0.000463,0.044699,0.000739,0.075536,1.088538,0.315524,0.165332,-0.026041,0,5.5,30,Y,DC
1,4,0,49.918489,78.111249,4172.615002,14.45548,-0.001104,0.000384,-0.000634,0.000594,0.048082,0.000942,0.114286,1.171239,0.341915,0.252997,-0.003814,0,5.5,30,Y,DC
1,1,1,0.0,0.0,0.0,0.0,0.129254,0.156363,-0.075564,0.117126,7.138744,0.007669,-47.791388,173.474932,7.176588,40.981308,-5.916748,0,5.5,30,Y,SC
1,2,0,39.987697,78.35239,4177.026319,14.562477,-0.001067,0.000399,-0.000183,0.00022,0.044099,0.000554,0.107822,1.074237,0.331358,0.078966,-0.012387,0,5.5,30,Y,SC
1,3,0,45.183001,78.721698,4176.999673,14.522756,-0.001238,0.00046,-0.000123,0.000198,0.049662,0.000644,0.125908,1.209756,0.383159,0.060687,-0.019153,0,5.5,30,Y,SC
1,4,0,49.957363,79.855744,4176.986138,14.485919,-0.001372,0.000413,-1.6e-05,0.000147,0.053949,0.000656,0.15578,1.314361,0.399834,0.027211,-0.028953,0,5.5,30,Y,SC
1,1,1,0.0,0.0,0.0,0.0,0.129985,0.15581,-0.075445,0.116793,7.141305,0.007083,-47.819083,173.538049,6.870723,40.897586,-5.878413,0,5.5,35,N,DC
1,2,0,40.123852,76.591181,4179.163925,14.524916,-0.000515,0.00033,-0.000472,0.000495,0.038964,-0.00028,0.026988,0.948779,0.193946,0.20162,-0.009687,0,5.5,35,N,DC
1,3,0,45.220154,77.602515,4179.020368,14.483859,-0.00058,0.000304,-0.000267,0.000287,0.042979,-0.000354,0.042967,1.04678,0.197771,0.11511,-0.007721,0,5.5,35,N,DC
1,4,0,49.959896,79.16872,4178.877809,14.445277,-0.000763,0.000329,-0.000324,0.000342,0.046451,-0.000399,0.068581,1.131421,0.245792,0.13759,-0.009149,0,5.5,35,N,DC
1,1,1,0.0,0.0,0.0,0.0,0.12963,0.156131,-0.07515,0.116903,7.139535,0.007064,-47.813826,173.494291,7.028286,40.852382,-5.945008,0,5.5,35,N,SC
1,2,0,39.969222,75.594104,4176.765051,14.559551,-0.00016,0.000147,-0.000612,0.000567,0.04002,-0.000286,-0.001763,0.97461,0.069577,0.250884,0.001627,0,5.5,35,N,SC
1,3,0,45.194576,77.802599,4176.648515,14.520521,-0.000315,8.7e-05,-0.000728,0.000624,0.043964,-0.000357,0.033278,1.070909,0.091147,0.28699,0.009257,0,5.5,35,N,SC
1,4,0,49.870642,78.563819,4176.633177,14.483831,-0.000383,9.8e-05,-0.000744,0.000695,0.047852,-0.000358,0.042011,1.165607,0.108787,0.305358,-0.000738,0,5.5,35,N,SC
1,1,1,0.0,0.0,0.0,0.0,0.12943,0.15609,-0.074664,0.116606,7.143572,0.006881,-47.77288,173.59282,7.056619,40.687146,-5.97464,0,5.5,35,Y,DC
1,2,0,40.33468,74.970434,4172.600384,14.526806,-0.000664,0.000285,-0.000179,0.00023,0.045794,0.000544,0.060157,1.115455,0.210554,0.084559,-0.013043,0,5.5,35,Y,DC
1,3,0,45.043133,75.379986,4172.589301,14.499362,-0.000806,0.000342,-0.000258,0.000265,0.050656,0.000593,0.073821,1.233905,0.256612,0.107755,-0.006821,0,5.5,35,Y,DC
1,4,0,50.114475,77.803207,4172.469634,14.447434,-0.001228,0.000353,-0.000437,0.000382,0.05432,0.000838,0.140788,1.323439,0.357912,0.167071,-0.000429,0,5.5,35,Y,DC
1,1,1,0.0,0.0,0.0,0.0,0.130164,0.156838,-0.07443,0.116285,7.147972,0.007601,-48.015192,173.698419,7.061605,40.569679,-5.947358,0,5.5,35,Y,SC
1,2,0,40.68252,68.043737,4168.52917,14.677831,-0.000242,-9.2e-05,-0.00058,0.000439,0.045208,0.000323,0.051525,1.101582,0.028205,0.219661,0.016034,0,5.5,35,Y,SC
1,3,0,45.031961,70.479406,4168.457687,14.644827,-0.00041,-0.000123,-0.000524,0.000401,0.049447,0.000499,0.084409,1.205031,0.057086,0.199424,0.012067,0,5.5,35,Y,SC
1,4,0,50.022323,71.669344,4168.368471,14.603118,-0.000497,-0.000135,-0.000506,0.000414,0.054285,0.000578,0.10055,1.322943,0.072785,0.1983,0.006377,0,5.5,35,Y,SC
1,1,1,0.0,0.0,0.0,0.0,0.130713,0.15528,-0.075392,0.116784,7.139702,0.008196,-47.851704,173.499395,6.575437,40.89487,-5.884753,0,5.5,40,N,DC
1,2,0,40.030755,75.501845,4179.668074,14.536484,-0.000271,0.000338,-0.000142,0.000137,0.048087,-0.000383,-0.013024,1.171033,0.131027,0.060149,-0.000173,0,5.5,40,N,DC
1,3,0,45.125583,76.063835,4179.618067,14.498723,-0.000445,0.000415,-0.000224,0.000235,0.053266,-0.000469,0.002492,1.297123,0.189588,0.096489,-0.004287,0,5.5,40,N,DC
1,4,0,50.043011,77.286457,4179.480885,14.459833,-0.000614,0.000444,-0.000178,0.000207,0.057971,-0.000519,0.025635,1.411824,0.233384,0.080204,-0.00799,0,5.5,40,N,DC
1,1,1,0.0,0.0,0.0,0.0,0.130371,0.155662,-0.075569,0.117204,7.141835,0.006887,-47.86047,173.550574,6.750121,41.01424,-5.927428,0,5.5,40,N,SC
1,2,0,39.925555,74.362865,4176.943869,14.561723,-0.000563,0.000467,-0.000508,0.000529,0.04564,-0.000431,0.011969,1.111223,0.236216,0.215685,-0.009085,0,5.5,40,N,SC
1,3,0,45.029897,75.748399,4176.870536,14.523482,-0.000797,0.00056,-0.000448,0.00052,0.050333,-0.000535,0.03512,1.225497,0.310756,0.199111,-0.018081,0,5.5,40,N,SC
1,4,0,50.085977,78.228194,4176.768036,14.481437,-0.001067,0.000574,-0.000764,0.00075,0.054723,-0.000559,0.075968,1.33258,0.379466,0.312434,-0.007883,0,5.5,40,N,SC
1,1,1,0.0,0.0,0.0,0.0,0.130192,0.155648,-0.074598,0.116597,7.146219,0.007655,-47.82546,173.657519,6.772918,40.681593,-5.982084,0,5.5,40,Y,DC
1,2,0,39.99907,74.444292,4172.917672,14.529864,-0.000674,0.000162,0.000212,-0.000133,0.050789,0.000329,0.083741,1.237475,0.17552,-0.072213,-0.015135,0,5.5,40,Y,DC
1,3,0,44.99435,75.715668,4172.782722,14.490198,-0.000876,0.0002,0.000243,-7.7e-05,0.056049,0.000449,0.110272,1.365611,0.229433,-0.068153,-0.030894,0,5.5,40,Y,DC
1,4,0,50.076995,76.619513,4172.660878,14.452224,-0.000925,0.00011,4.5e-05,-3.9e-05,0.061491,0.000467,0.132882,1.498478,0.219473,-0.017244,-0.006388,0,5.5,40,Y,DC
1,1,1,0.0,0.0,0.0,0.0,0.131572,0.156206,-0.074378,0.116519,7.148686,0.006522,-48.144284,173.715639,6.586244,40.624569,-5.99142,0,5.5,40,Y,SC
1,2,0,40.364865,67.634869,4169.39661,14.680954,-0.000569,3.8e-05,-0.00046,0.000387,0.050741,0.00047,0.084074,1.236355,0.131381,0.180433,0.004393,0,5.5,40,Y,SC
1,3,0,45.516909,68.951965,4169.327835,14.639289,-0.00077,3.7e-05,-0.000389,0.000321,0.056873,0.00065,0.117711,1.385893,0.174428,0.15093,0.002754,0,5.5,40,Y,SC
1,4,0,50.110077,70.218301,4169.250566,14.604886,-0.000979,4.8e-05,-0.00059,0.000444,0.062263,0.000553,0.149312,1.517349,0.226326,0.218229,0.012992,0,5.5,40,Y,SC
1,1,1,0.0,0.0,0.0,0.0,0.130665,0.155855,-0.075459,0.116948,7.143683,0.007815,-47.939401,173.595273,6.725389,40.938152,-5.898035,0,5.5,45,N,DC
1,2,0,40.127754,70.815537,4180.481089,14.538207,-0.000561,0.000396,-0.000418,0.000364,0.051967,-0.000459,0.024173,1.265603,0.214856,0.163604,0.004084,0,5.5,45,N,DC
1,3,0,45.263285,76.973173,4180.154214,14.498282,-0.001289,0.00054,-0.000335,0.000365,0.056122,-0.000479,0.120007,1.366997,0.415102,0.139958,-0.013095,0,5.5,45,N,DC
1,4,0,49.968336,77.475524,4180.038597,14.461704,-0.001445,0.000599,-0.000392,0.000438,0.061417,-0.000573,0.135445,1.495958,0.464722,0.166294,-0.016946,0,5.5,45,N,DC
1,1,1,0.0,0.0,0.0,0.0,0.131015,0.156197,-0.074489,0.116409,7.148536,0.007661,-48.050425,173.712571,6.712563,40.620865,-5.9582,0,5.5,45,N,SC
1,2,0,40.365299,67.96244,4168.409604,14.678425,-0.000911,0.000619,-0.000226,0.000228,0.045571,-0.00063,0.04576,1.109653,0.348511,0.088995,-0.004178,0,5.5,45,N,SC
1,3,0,45.34512,70.4114,4168.385708,14.640162,-0.001062,0.000601,-0.000243,0.000239,0.050613,-0.000642,0.073576,1.232599,0.37747,0.094662,-0.004434,0,5.5,45,N,SC
1,4,0,50.673323,71.867279,4168.306754,14.600952,-0.001325,0.000652,-0.000282,0.000289,0.055737,-0.000746,0.108037,1.357503,0.449455,0.11157,-0.007999,0,5.5,45,N,SC
1,2,0,40.176357,70.582672,4173.908449,14.529154,-0.000136,0.000553,0.00034,0.000321,0.069179,0.000313,-0.071902,1.683828,0.141505,-0.00127,-0.107633,0,5.5,45,Y,DC
1,3,0,45.120588,73.097891,4173.755867,14.489123,-0.000425,0.000594,0.000203,0.000377,0.075234,0.000377,-0.031566,1.831497,0.217996,0.037805,-0.096656,0,5.5,45,Y,DC
1,4,0,49.732135,76.112684,4173.261224,14.457185,-0.000792,0.000453,1.1e-05,0.00043,0.078597,0.000368,0.051839,1.914004,0.269648,0.08851,-0.078021,0,5.5,45,Y,DC
1,1,1,0.0,0.0,0.0,0.0,0.130027,0.155614,-0.074516,0.116536,7.144972,0.007612,-47.792408,173.627309,6.802096,40.650525,-5.986068,0,5.5,45,Y,DC
1,1,1,0.0,0.0,0.0,0.0,0.130215,0.156994,-0.074383,0.116396,7.148616,0.007363,-48.049955,173.713642,7.087697,40.582016,-5.972446,0,5.5,45,Y,SC
1,2,0,40.760252,70.287448,4168.67587,14.673857,-0.000486,-4.7e-05,-0.000151,7.4e-05,0.05753,0.000136,0.085817,1.401966,0.084535,0.052177,0.007676,0,5.5,45,Y,SC
1,3,0,45.247495,71.178085,4168.59091,14.640616,-0.000597,-6.9e-05,-0.000189,3.7e-05,0.063216,0.000123,0.107775,1.540674,0.103243,0.052362,0.019324,0,5.5,45,Y,SC
1,4,0,50.875646,72.218051,4168.49536,14.598158,-0.000712,-0.000113,-1.6e-05,4.3e-05,0.07056,0.000428,0.133928,1.719585,0.11509,0.017895,-0.010778,0,5.5,45,Y,SC
